meeting_key,session_key,date,driver_number,lap_number,category,flag,scope,sector,message
1261,9979,2025-05-25T12:20:01+00:00,,1,Flag,GREEN,Track,,GREEN LIGHT - PIT EXIT OPEN
1261,9979,2025-05-25T12:30:01+00:00,,1,Other,,,,PIT EXIT CLOSED
1261,9979,2025-05-25T12:31:26+00:00,,1,Flag,DOUBLE YELLOW,Sector,7.0,DOUBLE YELLOW IN TRACK SECTOR 7
1261,9979,2025-05-25T12:31:36+00:00,,1,Flag,CLEAR,Sector,7.0,CLEAR IN TRACK SECTOR 7
1261,9979,2025-05-25T12:37:42+00:00,,1,Other,,,,INCIDENT INVOLVING CAR 87 (BEA) NOTED - UNSAFE CONDITION
1261,9979,2025-05-25T12:39:28+00:00,,1,Other,,,,FIA STEWARDS: INCIDENT INVOLVING CAR 87 (BEA) WILL BE INVESTIGATED AFTER THE RACE - UNSAFE CONDITION
1261,9979,2025-05-25T12:45:08+00:00,,1,Other,,,,RISK OF RAIN FOR F1 RACE IS 0%
1261,9979,2025-05-25T12:57:02+00:00,,1,Drs,,,,DRS DISABLED
1261,9979,2025-05-25T13:03:09+00:00,,1,Flag,GREEN,Track,,GREEN LIGHT - PIT EXIT OPEN
1261,9979,2025-05-25T13:04:01+00:00,,1,Flag,YELLOW,Sector,10.0,YELLOW IN TRACK SECTOR 10
1261,9979,2025-05-25T13:04:18+00:00,,1,Flag,CLEAR,Sector,10.0,CLEAR IN TRACK SECTOR 10
1261,9979,2025-05-25T13:04:43+00:00,,2,SafetyCar,,,,VIRTUAL SAFETY CAR DEPLOYED
1261,9979,2025-05-25T13:04:57+00:00,,2,Flag,DOUBLE YELLOW,Sector,10.0,DOUBLE YELLOW IN TRACK SECTOR 10
1261,9979,2025-05-25T13:09:07+00:00,,4,Flag,CLEAR,Sector,10.0,CLEAR IN TRACK SECTOR 10
1261,9979,2025-05-25T13:09:15+00:00,,4,SafetyCar,,,,VIRTUAL SAFETY CAR ENDING
1261,9979,2025-05-25T13:09:28+00:00,,4,Flag,CLEAR,Track,,TRACK CLEAR
1261,9979,2025-05-25T13:09:31+00:00,,4,Drs,,,,DRS ENABLED
1261,9979,2025-05-25T13:10:35+00:00,,5,Other,,,,TURN 8 INCIDENT INVOLVING CARS 12 (ANT) AND 5 (BOR) NOTED
1261,9979,2025-05-25T13:11:07+00:00,,6,Other,,,,FIA STEWARDS: TURN 8 INCIDENT INVOLVING CARS 12 (ANT) AND 5 (BOR) REVIEWED NO FURTHER INVESTIGATION
1261,9979,2025-05-25T13:14:56+00:00,,8,Flag,DOUBLE YELLOW,Sector,13.0,DOUBLE YELLOW IN TRACK SECTOR 13
1261,9979,2025-05-25T13:16:39+00:00,,10,Flag,DOUBLE YELLOW,Sector,16.0,DOUBLE YELLOW IN TRACK SECTOR 16
1261,9979,2025-05-25T13:16:52+00:00,,10,Flag,CLEAR,Sector,16.0,CLEAR IN TRACK SECTOR 16
1261,9979,2025-05-25T13:16:58+00:00,,10,Other,,,,PIT LANE ENTRY CLOSED
1261,9979,2025-05-25T13:18:39+00:00,,11,Flag,CLEAR,Sector,13.0,CLEAR IN TRACK SECTOR 13
1261,9979,2025-05-25T13:18:48+00:00,,11,Other,,,,PIT LANE ENTRY OPEN
1261,9979,2025-05-25T13:19:30+00:00,,12,Other,,,,CAR 22 (TSU) TIME 1:23.351 DELETED - TRACK LIMITS AT TURN 10 LAP 8 15:14:56
1261,9979,2025-05-25T13:19:33+00:00,,12,Other,,,,CAR 30 (LAW) TIME 1:24.550 DELETED - TRACK LIMITS AT TURN 10 LAP 9 15:16:11
1261,9979,2025-05-25T13:20:17+00:00,,12,Other,,,,TURN 10 INCIDENT INVOLVING CARS 22 (TSU) AND 10 (GAS) NOTED - CAUSING A COLLISION
1261,9979,2025-05-25T13:21:20+00:00,,13,Other,,,,FIA STEWARDS: TURN 10 INCIDENT INVOLVING CARS 22 (TSU) AND 10 (GAS) WILL BE INVESTIGATED AFTER THE RACE - CAUSING A COLLISION
1261,9979,2025-05-25T13:33:12+00:00,,23,Other,,,,CAR 16 (LEC) TIME 1:15.782 DELETED - TRACK LIMITS AT TURN 10 LAP 21 15:31:13
1261,9979,2025-05-25T13:37:56+00:00,87.0,26,Flag,BLUE,Driver,,WAVED BLUE FLAG FOR CAR 87 (BEA) TIMED AT 15:37:55
1261,9979,2025-05-25T13:38:51+00:00,18.0,27,Flag,BLUE,Driver,,WAVED BLUE FLAG FOR CAR 18 (STR) TIMED AT 15:38:50
1261,9979,2025-05-25T13:39:43+00:00,43.0,28,Flag,BLUE,Driver,,WAVED BLUE FLAG FOR CAR 43 (COL) TIMED AT 15:39:42
1261,9979,2025-05-25T13:40:23+00:00,27.0,28,Flag,BLUE,Driver,,WAVED BLUE FLAG FOR CAR 27 (HUL) TIMED AT 15:40:23
1261,9979,2025-05-25T13:40:40+00:00,5.0,28,Flag,BLUE,Driver,,WAVED BLUE FLAG FOR CAR 5 (BOR) TIMED AT 15:40:39
1261,9979,2025-05-25T13:40:50+00:00,5.0,29,Flag,BLUE,Driver,,WAVED BLUE FLAG FOR CAR 5 (BOR) TIMED AT 15:40:49
1261,9979,2025-05-25T13:41:00+00:00,43.0,29,Flag,BLUE,Driver,,WAVED BLUE FLAG FOR CAR 43 (COL) TIMED AT 15:41:00
1261,9979,2025-05-25T13:41:09+00:00,43.0,29,Flag,BLUE,Driver,,WAVED BLUE FLAG FOR CAR 43 (COL) TIMED AT 15:41:09
1261,9979,2025-05-25T13:41:54+00:00,87.0,29,Flag,BLUE,Driver,,WAVED BLUE FLAG FOR CAR 87 (BEA) TIMED AT 15:41:54
1261,9979,2025-05-25T13:42:15+00:00,18.0,30,Flag,BLUE,Driver,,WAVED BLUE FLAG FOR CAR 18 (STR) TIMED AT 15:42:15
1261,9979,2025-05-25T13:42:45+00:00,27.0,30,Flag,BLUE,Driver,,WAVED BLUE FLAG FOR CAR 27 (HUL) TIMED AT 15:42:44
1261,9979,2025-05-25T13:43:10+00:00,87.0,30,Flag,BLUE,Driver,,WAVED BLUE FLAG FOR CAR 87 (BEA) TIMED AT 15:43:10
1261,9979,2025-05-25T13:43:20+00:00,22.0,31,Flag,BLUE,Driver,,WAVED BLUE FLAG FOR CAR 22 (TSU) TIMED AT 15:43:19
1261,9979,2025-05-25T13:43:40+00:00,12.0,31,Flag,BLUE,Driver,,WAVED BLUE FLAG FOR CAR 12 (ANT) TIMED AT 15:43:40
1261,9979,2025-05-25T13:43:54+00:00,18.0,31,Flag,BLUE,Driver,,WAVED BLUE FLAG FOR CAR 18 (STR) TIMED AT 15:43:54
1261,9979,2025-05-25T13:44:06+00:00,63.0,31,Flag,BLUE,Driver,,WAVED BLUE FLAG FOR CAR 63 (RUS) TIMED AT 15:44:05
1261,9979,2025-05-25T13:44:27+00:00,27.0,31,Flag,BLUE,Driver,,WAVED BLUE FLAG FOR CAR 27 (HUL) TIMED AT 15:44:26
1261,9979,2025-05-25T13:44:43+00:00,22.0,32,Flag,BLUE,Driver,,WAVED BLUE FLAG FOR CAR 22 (TSU) TIMED AT 15:44:43
1261,9979,2025-05-25T13:44:46+00:00,87.0,32,Flag,BLUE,Driver,,WAVED BLUE FLAG FOR CAR 87 (BEA) TIMED AT 15:44:46
1261,9979,2025-05-25T13:44:52+00:00,87.0,32,Flag,BLUE,Driver,,WAVED BLUE FLAG FOR CAR 87 (BEA) TIMED AT 15:44:51
1261,9979,2025-05-25T13:45:01+00:00,12.0,32,Flag,BLUE,Driver,,WAVED BLUE FLAG FOR CAR 12 (ANT) TIMED AT 15:45:00
1261,9979,2025-05-25T13:45:04+00:00,18.0,32,Flag,BLUE,Driver,,WAVED BLUE FLAG FOR CAR 18 (STR) TIMED AT 15:45:03
1261,9979,2025-05-25T13:45:25+00:00,27.0,32,Flag,BLUE,Driver,,WAVED BLUE FLAG FOR CAR 27 (HUL) TIMED AT 15:45:25
1261,9979,2025-05-25T13:45:37+00:00,5.0,32,Flag,BLUE,Driver,,WAVED BLUE FLAG FOR CAR 5 (BOR) TIMED AT 15:45:36
1261,9979,2025-05-25T13:45:37+00:00,27.0,32,Flag,BLUE,Driver,,WAVED BLUE FLAG FOR CAR 27 (HUL) TIMED AT 15:45:37
1261,9979,2025-05-25T13:45:39+00:00,63.0,32,Flag,BLUE,Driver,,WAVED BLUE FLAG FOR CAR 63 (RUS) TIMED AT 15:45:38
1261,9979,2025-05-25T13:45:49+00:00,87.0,33,Flag,BLUE,Driver,,WAVED BLUE FLAG FOR CAR 87 (BEA) TIMED AT 15:45:49
1261,9979,2025-05-25T13:46:03+00:00,22.0,33,Flag,BLUE,Driver,,WAVED BLUE FLAG FOR CAR 22 (TSU) TIMED AT 15:46:03
1261,9979,2025-05-25T13:46:06+00:00,18.0,33,Flag,BLUE,Driver,,WAVED BLUE FLAG FOR CAR 18 (STR) TIMED AT 15:46:05
1261,9979,2025-05-25T13:46:17+00:00,55.0,33,Flag,BLUE,Driver,,WAVED BLUE FLAG FOR CAR 55 (SAI) TIMED AT 15:46:16
1261,9979,2025-05-25T13:46:23+00:00,27.0,33,Flag,BLUE,Driver,,WAVED BLUE FLAG FOR CAR 27 (HUL) TIMED AT 15:46:22
1261,9979,2025-05-25T13:46:36+00:00,12.0,33,Flag,BLUE,Driver,,WAVED BLUE FLAG FOR CAR 12 (ANT) TIMED AT 15:46:36
1261,9979,2025-05-25T13:46:44+00:00,22.0,33,Flag,BLUE,Driver,,WAVED BLUE FLAG FOR CAR 22 (TSU) TIMED AT 15:46:44
1261,9979,2025-05-25T13:46:45+00:00,43.0,33,Flag,BLUE,Driver,,WAVED BLUE FLAG FOR CAR 43 (COL) TIMED AT 15:46:44
1261,9979,2025-05-25T13:47:01+00:00,12.0,33,Flag,BLUE,Driver,,WAVED BLUE FLAG FOR CAR 12 (ANT) TIMED AT 15:47:00
1261,9979,2025-05-25T13:47:12+00:00,23.0,34,Flag,BLUE,Driver,,WAVED BLUE FLAG FOR CAR 23 (ALB) TIMED AT 15:47:12
1261,9979,2025-05-25T13:47:15+00:00,5.0,34,Flag,BLUE,Driver,,WAVED BLUE FLAG FOR CAR 5 (BOR) TIMED AT 15:47:14
1261,9979,2025-05-25T13:47:19+00:00,63.0,34,Flag,BLUE,Driver,,WAVED BLUE FLAG FOR CAR 63 (RUS) TIMED AT 15:47:19
1261,9979,2025-05-25T13:47:41+00:00,55.0,34,Flag,BLUE,Driver,,WAVED BLUE FLAG FOR CAR 55 (SAI) TIMED AT 15:47:41
1261,9979,2025-05-25T13:47:42+00:00,30.0,34,Flag,BLUE,Driver,,WAVED BLUE FLAG FOR CAR 30 (LAW) TIMED AT 15:47:42
1261,9979,2025-05-25T13:47:49+00:00,63.0,34,Flag,BLUE,Driver,,WAVED BLUE FLAG FOR CAR 63 (RUS) TIMED AT 15:47:49
1261,9979,2025-05-25T13:47:50+00:00,30.0,34,Flag,BLUE,Driver,,WAVED BLUE FLAG FOR CAR 30 (LAW) TIMED AT 15:47:49
1261,9979,2025-05-25T13:47:52+00:00,55.0,34,Flag,BLUE,Driver,,WAVED BLUE FLAG FOR CAR 55 (SAI) TIMED AT 15:47:52
1261,9979,2025-05-25T13:48:09+00:00,55.0,34,Flag,BLUE,Driver,,WAVED BLUE FLAG FOR CAR 55 (SAI) TIMED AT 15:48:08
1261,9979,2025-05-25T13:48:19+00:00,23.0,35,Flag,BLUE,Driver,,WAVED BLUE FLAG FOR CAR 23 (ALB) TIMED AT 15:48:19
1261,9979,2025-05-25T13:48:23+00:00,87.0,35,Flag,BLUE,Driver,,WAVED BLUE FLAG FOR CAR 87 (BEA) TIMED AT 15:48:22
1261,9979,2025-05-25T13:48:47+00:00,23.0,35,Flag,BLUE,Driver,,WAVED BLUE FLAG FOR CAR 23 (ALB) TIMED AT 15:48:46
1261,9979,2025-05-25T13:48:56+00:00,18.0,35,Flag,BLUE,Driver,,WAVED BLUE FLAG FOR CAR 18 (STR) TIMED AT 15:48:55
1261,9979,2025-05-25T13:49:09+00:00,18.0,35,Flag,BLUE,Driver,,WAVED BLUE FLAG FOR CAR 18 (STR) TIMED AT 15:49:09
1261,9979,2025-05-25T13:49:20+00:00,18.0,35,Flag,BLUE,Driver,,WAVED BLUE FLAG FOR CAR 18 (STR) TIMED AT 15:49:19
1261,9979,2025-05-25T13:50:12+00:00,27.0,36,Flag,BLUE,Driver,,WAVED BLUE FLAG FOR CAR 27 (HUL) TIMED AT 15:50:11
1261,9979,2025-05-25T13:50:24+00:00,27.0,36,Flag,BLUE,Driver,,WAVED BLUE FLAG FOR CAR 27 (HUL) TIMED AT 15:50:24
1261,9979,2025-05-25T13:50:41+00:00,22.0,36,Flag,BLUE,Driver,,WAVED BLUE FLAG FOR CAR 22 (TSU) TIMED AT 15:50:41
1261,9979,2025-05-25T13:51:05+00:00,30.0,37,Flag,BLUE,Driver,,WAVED BLUE FLAG FOR CAR 30 (LAW) TIMED AT 15:51:05
1261,9979,2025-05-25T13:51:07+00:00,12.0,37,Flag,BLUE,Driver,,WAVED BLUE FLAG FOR CAR 12 (ANT) TIMED AT 15:51:07
1261,9979,2025-05-25T13:51:11+00:00,,37,Other,,,,CAR 44 (HAM) TIME 1:17.826 DELETED - TRACK LIMITS AT TURN 10 LAP 35 15:49:24
1261,9979,2025-05-25T13:51:23+00:00,30.0,37,Flag,BLUE,Driver,,WAVED BLUE FLAG FOR CAR 30 (LAW) TIMED AT 15:51:22
1261,9979,2025-05-25T13:51:29+00:00,63.0,37,Flag,BLUE,Driver,,WAVED BLUE FLAG FOR CAR 63 (RUS) TIMED AT 15:51:28
1261,9979,2025-05-25T13:51:33+00:00,30.0,37,Flag,BLUE,Driver,,WAVED BLUE FLAG FOR CAR 30 (LAW) TIMED AT 15:51:33
1261,9979,2025-05-25T13:51:49+00:00,30.0,37,Flag,BLUE,Driver,,WAVED BLUE FLAG FOR CAR 30 (LAW) TIMED AT 15:51:49
1261,9979,2025-05-25T13:51:53+00:00,55.0,37,Flag,BLUE,Driver,,WAVED BLUE FLAG FOR CAR 55 (SAI) TIMED AT 15:51:52
1261,9979,2025-05-25T13:52:55+00:00,,38,Flag,YELLOW,Sector,17.0,YELLOW IN TRACK SECTOR 17
1261,9979,2025-05-25T13:53:02+00:00,,38,Flag,CLEAR,Sector,17.0,CLEAR IN TRACK SECTOR 17
1261,9979,2025-05-25T13:55:14+00:00,31.0,40,Flag,BLUE,Driver,,WAVED BLUE FLAG FOR CAR 31 (OCO) TIMED AT 15:55:14
1261,9979,2025-05-25T13:56:54+00:00,31.0,41,Flag,BLUE,Driver,,WAVED BLUE FLAG FOR CAR 31 (OCO) TIMED AT 15:56:54
1261,9979,2025-05-25T13:57:07+00:00,31.0,42,Flag,BLUE,Driver,,WAVED BLUE FLAG FOR CAR 31 (OCO) TIMED AT 15:57:07
1261,9979,2025-05-25T13:58:04+00:00,6.0,42,Flag,BLUE,Driver,,WAVED BLUE FLAG FOR CAR 6 (HAD) TIMED AT 15:58:04
1261,9979,2025-05-25T13:59:22+00:00,,43,Other,,,,CAR 12 (ANT) TIME 1:18.060 DELETED - TRACK LIMITS AT TURN 10 LAP 41 15:58:34
1261,9979,2025-05-25T13:59:24+00:00,6.0,43,Flag,BLUE,Driver,,WAVED BLUE FLAG FOR CAR 6 (HAD) TIMED AT 15:59:23
1261,9979,2025-05-25T13:59:37+00:00,6.0,44,Flag,BLUE,Driver,,WAVED BLUE FLAG FOR CAR 6 (HAD) TIMED AT 15:59:36
1261,9979,2025-05-25T14:01:52+00:00,31.0,45,Flag,BLUE,Driver,,WAVED BLUE FLAG FOR CAR 31 (OCO) TIMED AT 16:01:52
1261,9979,2025-05-25T14:02:16+00:00,31.0,46,Flag,BLUE,Driver,,WAVED BLUE FLAG FOR CAR 31 (OCO) TIMED AT 16:02:15
1261,9979,2025-05-25T14:03:07+00:00,6.0,46,Flag,BLUE,Driver,,WAVED BLUE FLAG FOR CAR 6 (HAD) TIMED AT 16:03:06
1261,9979,2025-05-25T14:04:52+00:00,5.0,48,Flag,BLUE,Driver,,WAVED BLUE FLAG FOR CAR 5 (BOR) TIMED AT 16:04:52
1261,9979,2025-05-25T14:05:13+00:00,43.0,48,Flag,BLUE,Driver,,WAVED BLUE FLAG FOR CAR 43 (COL) TIMED AT 16:05:12
1261,9979,2025-05-25T14:05:31+00:00,87.0,48,Flag,BLUE,Driver,,WAVED BLUE FLAG FOR CAR 87 (BEA) TIMED AT 16:05:30
1261,9979,2025-05-25T14:05:52+00:00,18.0,49,Flag,BLUE,Driver,,WAVED BLUE FLAG FOR CAR 18 (STR) TIMED AT 16:05:52
1261,9979,2025-05-25T14:06:04+00:00,22.0,49,Flag,BLUE,Driver,,WAVED BLUE FLAG FOR CAR 22 (TSU) TIMED AT 16:06:03
1261,9979,2025-05-25T14:06:26+00:00,12.0,49,Flag,BLUE,Driver,,WAVED BLUE FLAG FOR CAR 12 (ANT) TIMED AT 16:06:25
1261,9979,2025-05-25T14:06:39+00:00,5.0,49,Flag,BLUE,Driver,,WAVED BLUE FLAG FOR CAR 5 (BOR) TIMED AT 16:06:38
1261,9979,2025-05-25T14:06:47+00:00,63.0,49,Flag,BLUE,Driver,,WAVED BLUE FLAG FOR CAR 63 (RUS) TIMED AT 16:06:47
1261,9979,2025-05-25T14:06:52+00:00,43.0,49,Flag,BLUE,Driver,,WAVED BLUE FLAG FOR CAR 43 (COL) TIMED AT 16:06:51
1261,9979,2025-05-25T14:07:01+00:00,23.0,50,Flag,BLUE,Driver,,WAVED BLUE FLAG FOR CAR 23 (ALB) TIMED AT 16:07:00
1261,9979,2025-05-25T14:07:09+00:00,,50,Other,,,,CAR 63 (RUS) TIME 1:19.959 DELETED - TRACK LIMITS AT TURN 10 LAP 47 16:06:25
1261,9979,2025-05-25T14:08:23+00:00,,50,Other,,,,TURN 10 INCIDENT INVOLVING CAR 63 (RUS) NOTED - LEAVING THE TRACK AND GAINING AN ADVANTAGE
1261,9979,2025-05-25T14:08:28+00:00,,51,Other,,,,CAR 63 (RUS) TIME 1:17.477 DELETED - TRACK LIMITS AT TURN 10 LAP 48 16:07:44
1261,9979,2025-05-25T14:08:37+00:00,27.0,51,Flag,BLUE,Driver,,WAVED BLUE FLAG FOR CAR 27 (HUL) TIMED AT 16:08:36
1261,9979,2025-05-25T14:09:00+00:00,,51,Other,,,,FIA STEWARDS: TURN 10 INCIDENT INVOLVING CAR 63 (RUS) UNDER INVESTIGATION - LEAVING THE TRACK AND GAINING AN ADVANTAGE
1261,9979,2025-05-25T14:09:49+00:00,31.0,52,Flag,BLUE,Driver,,WAVED BLUE FLAG FOR CAR 31 (OCO) TIMED AT 16:09:48
1261,9979,2025-05-25T14:10:09+00:00,5.0,52,Flag,BLUE,Driver,,WAVED BLUE FLAG FOR CAR 5 (BOR) TIMED AT 16:10:08
1261,9979,2025-05-25T14:10:32+00:00,43.0,52,Flag,BLUE,Driver,,WAVED BLUE FLAG FOR CAR 43 (COL) TIMED AT 16:10:31
1261,9979,2025-05-25T14:10:37+00:00,6.0,52,Flag,BLUE,Driver,,WAVED BLUE FLAG FOR CAR 6 (HAD) TIMED AT 16:10:36
1261,9979,2025-05-25T14:10:47+00:00,87.0,52,Flag,BLUE,Driver,,WAVED BLUE FLAG FOR CAR 87 (BEA) TIMED AT 16:10:46
1261,9979,2025-05-25T14:11:09+00:00,18.0,53,Flag,BLUE,Driver,,WAVED BLUE FLAG FOR CAR 18 (STR) TIMED AT 16:11:08
1261,9979,2025-05-25T14:11:10+00:00,,53,Other,,,,FIA STEWARDS: DRIVE THROUGH PENALTY FOR CAR 63 (RUS) - LEAVING THE TRACK AND GAINING AN ADVANTAGE
1261,9979,2025-05-25T14:11:29+00:00,27.0,53,Flag,BLUE,Driver,,WAVED BLUE FLAG FOR CAR 27 (HUL) TIMED AT 16:11:28
1261,9979,2025-05-25T14:11:42+00:00,22.0,53,Flag,BLUE,Driver,,WAVED BLUE FLAG FOR CAR 22 (TSU) TIMED AT 16:11:42
1261,9979,2025-05-25T14:11:46+00:00,5.0,53,Flag,BLUE,Driver,,WAVED BLUE FLAG FOR CAR 5 (BOR) TIMED AT 16:11:45
1261,9979,2025-05-25T14:11:51+00:00,27.0,53,Flag,BLUE,Driver,,WAVED BLUE FLAG FOR CAR 27 (HUL) TIMED AT 16:11:51
1261,9979,2025-05-25T14:11:54+00:00,43.0,53,Flag,BLUE,Driver,,WAVED BLUE FLAG FOR CAR 43 (COL) TIMED AT 16:11:54
1261,9979,2025-05-25T14:12:04+00:00,12.0,53,Flag,BLUE,Driver,,WAVED BLUE FLAG FOR CAR 12 (ANT) TIMED AT 16:12:04
1261,9979,2025-05-25T14:12:07+00:00,87.0,53,Flag,BLUE,Driver,,WAVED BLUE FLAG FOR CAR 87 (BEA) TIMED AT 16:12:07
1261,9979,2025-05-25T14:12:09+00:00,5.0,53,Flag,BLUE,Driver,,WAVED BLUE FLAG FOR CAR 5 (BOR) TIMED AT 16:12:09
1261,9979,2025-05-25T14:12:18+00:00,23.0,54,Flag,BLUE,Driver,,WAVED BLUE FLAG FOR CAR 23 (ALB) TIMED AT 16:12:17
1261,9979,2025-05-25T14:12:18+00:00,,54,Other,,,,CAR 12 (ANT) TIME 1:20.341 DELETED - TRACK LIMITS AT TURN 10 LAP 51 16:11:41
1261,9979,2025-05-25T14:12:22+00:00,43.0,54,Flag,BLUE,Driver,,WAVED BLUE FLAG FOR CAR 43 (COL) TIMED AT 16:12:22
1261,9979,2025-05-25T14:12:23+00:00,18.0,54,Flag,BLUE,Driver,,WAVED BLUE FLAG FOR CAR 18 (STR) TIMED AT 16:12:23
1261,9979,2025-05-25T14:12:28+00:00,87.0,54,Flag,BLUE,Driver,,WAVED BLUE FLAG FOR CAR 87 (BEA) TIMED AT 16:12:28
1261,9979,2025-05-25T14:12:41+00:00,22.0,54,Flag,BLUE,Driver,,WAVED BLUE FLAG FOR CAR 22 (TSU) TIMED AT 16:12:40
1261,9979,2025-05-25T14:12:42+00:00,18.0,54,Flag,BLUE,Driver,,WAVED BLUE FLAG FOR CAR 18 (STR) TIMED AT 16:12:42
1261,9979,2025-05-25T14:12:52+00:00,12.0,54,Flag,BLUE,Driver,,WAVED BLUE FLAG FOR CAR 12 (ANT) TIMED AT 16:12:51
1261,9979,2025-05-25T14:12:53+00:00,31.0,54,Flag,BLUE,Driver,,WAVED BLUE FLAG FOR CAR 31 (OCO) TIMED AT 16:12:52
1261,9979,2025-05-25T14:13:04+00:00,31.0,54,Flag,BLUE,Driver,,WAVED BLUE FLAG FOR CAR 31 (OCO) TIMED AT 16:13:03
1261,9979,2025-05-25T14:13:05+00:00,22.0,54,Flag,BLUE,Driver,,WAVED BLUE FLAG FOR CAR 22 (TSU) TIMED AT 16:13:04
1261,9979,2025-05-25T14:13:14+00:00,22.0,54,Flag,BLUE,Driver,,WAVED BLUE FLAG FOR CAR 22 (TSU) TIMED AT 16:13:13
1261,9979,2025-05-25T14:13:14+00:00,23.0,54,Flag,BLUE,Driver,,WAVED BLUE FLAG FOR CAR 23 (ALB) TIMED AT 16:13:14
1261,9979,2025-05-25T14:13:24+00:00,23.0,54,Flag,BLUE,Driver,,WAVED BLUE FLAG FOR CAR 23 (ALB) TIMED AT 16:13:23
1261,9979,2025-05-25T14:13:26+00:00,12.0,54,Flag,BLUE,Driver,,WAVED BLUE FLAG FOR CAR 12 (ANT) TIMED AT 16:13:26
1261,9979,2025-05-25T14:13:39+00:00,27.0,55,Flag,BLUE,Driver,,WAVED BLUE FLAG FOR CAR 27 (HUL) TIMED AT 16:13:39
1261,9979,2025-05-25T14:13:59+00:00,5.0,55,Flag,BLUE,Driver,,WAVED BLUE FLAG FOR CAR 5 (BOR) TIMED AT 16:13:58
1261,9979,2025-05-25T14:14:09+00:00,23.0,55,Flag,BLUE,Driver,,WAVED BLUE FLAG FOR CAR 23 (ALB) TIMED AT 16:14:09
1261,9979,2025-05-25T14:14:10+00:00,,55,Other,,,,CAR 1 (VER) TIME 1:17.547 DELETED - TRACK LIMITS AT TURN 10 LAP 53 16:11:43
1261,9979,2025-05-25T14:14:16+00:00,43.0,55,Flag,BLUE,Driver,,WAVED BLUE FLAG FOR CAR 43 (COL) TIMED AT 16:14:15
1261,9979,2025-05-25T14:14:31+00:00,6.0,55,Flag,BLUE,Driver,,WAVED BLUE FLAG FOR CAR 6 (HAD) TIMED AT 16:14:30
1261,9979,2025-05-25T14:14:37+00:00,,55,Other,,,,CAR 87 (BEA) TIME 1:22.205 DELETED - TRACK LIMITS AT TURN 10 LAP 51 16:11:44
1261,9979,2025-05-25T14:14:38+00:00,87.0,55,Flag,BLUE,Driver,,WAVED BLUE FLAG FOR CAR 87 (BEA) TIMED AT 16:14:37
1261,9979,2025-05-25T14:14:40+00:00,,55,Other,,,,CAR 27 (HUL) TIME 1:20.376 DELETED - TRACK LIMITS AT TURN 10 LAP 52 16:13:08
1261,9979,2025-05-25T14:14:53+00:00,18.0,56,Flag,BLUE,Driver,,WAVED BLUE FLAG FOR CAR 18 (STR) TIMED AT 16:14:52
1261,9979,2025-05-25T14:14:54+00:00,63.0,56,Flag,BLUE,Driver,,WAVED BLUE FLAG FOR CAR 63 (RUS) TIMED AT 16:14:53
1261,9979,2025-05-25T14:15:00+00:00,55.0,56,Flag,BLUE,Driver,,WAVED BLUE FLAG FOR CAR 55 (SAI) TIMED AT 16:14:59
1261,9979,2025-05-25T14:15:04+00:00,22.0,56,Flag,BLUE,Driver,,WAVED BLUE FLAG FOR CAR 22 (TSU) TIMED AT 16:15:03
1261,9979,2025-05-25T14:15:21+00:00,12.0,56,Flag,BLUE,Driver,,WAVED BLUE FLAG FOR CAR 12 (ANT) TIMED AT 16:15:20
1261,9979,2025-05-25T14:17:05+00:00,23.0,57,Flag,BLUE,Driver,,WAVED BLUE FLAG FOR CAR 23 (ALB) TIMED AT 16:17:05
1261,9979,2025-05-25T14:17:22+00:00,23.0,58,Flag,BLUE,Driver,,WAVED BLUE FLAG FOR CAR 23 (ALB) TIMED AT 16:17:22
1261,9979,2025-05-25T14:18:01+00:00,63.0,58,Flag,BLUE,Driver,,WAVED BLUE FLAG FOR CAR 63 (RUS) TIMED AT 16:18:00
1261,9979,2025-05-25T14:21:16+00:00,55.0,61,Flag,BLUE,Driver,,WAVED BLUE FLAG FOR CAR 55 (SAI) TIMED AT 16:21:16
1261,9979,2025-05-25T14:21:22+00:00,55.0,61,Flag,BLUE,Driver,,WAVED BLUE FLAG FOR CAR 55 (SAI) TIMED AT 16:21:21
1261,9979,2025-05-25T14:21:27+00:00,55.0,61,Flag,BLUE,Driver,,WAVED BLUE FLAG FOR CAR 55 (SAI) TIMED AT 16:21:27
1261,9979,2025-05-25T14:25:43+00:00,27.0,64,Flag,BLUE,Driver,,WAVED BLUE FLAG FOR CAR 27 (HUL) TIMED AT 16:25:42
1261,9979,2025-05-25T14:25:49+00:00,27.0,64,Flag,BLUE,Driver,,WAVED BLUE FLAG FOR CAR 27 (HUL) TIMED AT 16:25:48
1261,9979,2025-05-25T14:25:56+00:00,27.0,64,Flag,BLUE,Driver,,WAVED BLUE FLAG FOR CAR 27 (HUL) TIMED AT 16:25:56
1261,9979,2025-05-25T14:27:50+00:00,27.0,66,Flag,BLUE,Driver,,WAVED BLUE FLAG FOR CAR 27 (HUL) TIMED AT 16:27:50
1261,9979,2025-05-25T14:28:00+00:00,27.0,66,Flag,BLUE,Driver,,WAVED BLUE FLAG FOR CAR 27 (HUL) TIMED AT 16:28:00
1261,9979,2025-05-25T14:28:02+00:00,5.0,66,Flag,BLUE,Driver,,WAVED BLUE FLAG FOR CAR 5 (BOR) TIMED AT 16:28:01
1261,9979,2025-05-25T14:28:09+00:00,30.0,66,Flag,BLUE,Driver,,WAVED BLUE FLAG FOR CAR 30 (LAW) TIMED AT 16:28:09
1261,9979,2025-05-25T14:28:15+00:00,27.0,66,Flag,BLUE,Driver,,WAVED BLUE FLAG FOR CAR 27 (HUL) TIMED AT 16:28:14
1261,9979,2025-05-25T14:28:21+00:00,30.0,66,Flag,BLUE,Driver,,WAVED BLUE FLAG FOR CAR 30 (LAW) TIMED AT 16:28:20
1261,9979,2025-05-25T14:28:40+00:00,30.0,67,Flag,BLUE,Driver,,WAVED BLUE FLAG FOR CAR 30 (LAW) TIMED AT 16:28:39
1261,9979,2025-05-25T14:29:13+00:00,5.0,67,Flag,BLUE,Driver,,WAVED BLUE FLAG FOR CAR 5 (BOR) TIMED AT 16:29:13
1261,9979,2025-05-25T14:29:33+00:00,5.0,67,Flag,BLUE,Driver,,WAVED BLUE FLAG FOR CAR 5 (BOR) TIMED AT 16:29:32
1261,9979,2025-05-25T14:29:35+00:00,,67,Other,,,,CAR 27 (HUL) TIME 1:20.147 DELETED - TRACK LIMITS AT TURN 10 LAP 64 16:28:59
1261,9979,2025-05-25T14:29:56+00:00,31.0,68,Flag,BLUE,Driver,,WAVED BLUE FLAG FOR CAR 31 (OCO) TIMED AT 16:29:56
1261,9979,2025-05-25T14:30:34+00:00,6.0,68,Flag,BLUE,Driver,,WAVED BLUE FLAG FOR CAR 6 (HAD) TIMED AT 16:30:34
1261,9979,2025-05-25T14:30:47+00:00,6.0,68,Flag,BLUE,Driver,,WAVED BLUE FLAG FOR CAR 6 (HAD) TIMED AT 16:30:47
1261,9979,2025-05-25T14:32:16+00:00,43.0,69,Flag,BLUE,Driver,,WAVED BLUE FLAG FOR CAR 43 (COL) TIMED AT 16:32:15
1261,9979,2025-05-25T14:32:24+00:00,43.0,70,Flag,BLUE,Driver,,WAVED BLUE FLAG FOR CAR 43 (COL) TIMED AT 16:32:23
1261,9979,2025-05-25T14:33:13+00:00,87.0,70,Flag,BLUE,Driver,,WAVED BLUE FLAG FOR CAR 87 (BEA) TIMED AT 16:33:13
1261,9979,2025-05-25T14:33:22+00:00,87.0,70,Flag,BLUE,Driver,,WAVED BLUE FLAG FOR CAR 87 (BEA) TIMED AT 16:33:21
1261,9979,2025-05-25T14:33:31+00:00,87.0,70,Flag,BLUE,Driver,,WAVED BLUE FLAG FOR CAR 87 (BEA) TIMED AT 16:33:31
1261,9979,2025-05-25T14:34:58+00:00,22.0,72,Flag,BLUE,Driver,,WAVED BLUE FLAG FOR CAR 22 (TSU) TIMED AT 16:34:58
1261,9979,2025-05-25T14:42:26+00:00,,77,Other,,,,CAR 18 (STR) TIME 1:17.061 DELETED - TRACK LIMITS AT TURN 10 LAP 74 16:41:50
1261,9979,2025-05-25T14:43:43+00:00,,78,Flag,CHEQUERED,Track,,CHEQUERED FLAG
1261,9979,2025-05-25T14:44:02+00:00,,78,Other,,,,TURN 10 INCIDENT INVOLVING CARS 27 (HUL) AND 18 (STR) NOTED - FORCING ANOTHER DRIVER OFF THE TRACK
1261,9979,2025-05-25T14:45:13+00:00,,78,Other,,,,FIA STEWARDS: TURN 10 INCIDENT INVOLVING CARS 27 (HUL) AND 18 (STR) REVIEWED NO FURTHER INVESTIGATION - FORCING ANOTHER DRIVER OFF THE TRACK
1261,9979,2025-05-25T14:45:40+00:00,,78,Other,,,,FIA STEWARDS: PENALTY SERVED - DRIVE THROUGH PENALTY FOR CAR 63 (RUS) - LEAVING THE TRACK AND GAINING AN ADVANTAGE
1261,9979,2025-05-25T14:45:53+00:00,,78,Other,,,,CAR 87 (BEA) TIME 1:17.224 DELETED - TRACK LIMITS AT TURN 10 LAP 76 16:44:08
